{
    "intents":[

        {
            "tag":"greeting",
            "patterns":["hello","hi","hey","wake up","hawa"
            ],
            "responses":["Hello!","Welcome!","How can I help you?","Hello!","I am here","At your service"
            ]
        },

        {
            "tag":"outro",
            "patterns":["Goodbye","Bye","sleep","see you later","exit","shut down","turn off"
            ],
            "responses":["Bye Sir","Have a great day ahead","See you later","Okay","Lets meet up again!","At your command"
            ]
        },

        {
            "tag":"health",
            "patterns":["how are you","how are you doing","how do you feel","are you good","whats up"
            ],
            "responses":["I am all good","I am great","Never been better","All good","Perfectly fine"
            ]
        },
        {
            "tag":"aboutHava",
            "patterns":["who are you","tell me about you","what are you","tell me your name","what is your name"
            ],
            "responses":["I am Hawa. I am an virtual assistant designed especially for this home automation prototype","My name is hawa, an AI prototype created for home automation"
            ]
        },
        {
            "tag":"work",
            "patterns":["what can you do ","what is your use","how can you help me","what is your function","why are you here","why do you exist"
            ],
            "responses":["I can assist you with home automation and maintain your workflow. I am specifically designed to give you access to control your home.","I was created to assist you to automate and control home. I am also able to organise your work flow"
            ]
        },
        {
            "tag":"time",
            "patterns":["tell me current time ","what is time","what time is it","what hour is it","time"
            ],
            "responses":["time"
            ]
        },
        {
            "tag":"date",
            "patterns":["tell me todays date ","what is the date","what date is it","which date is it","date"
            ],
            "responses":["date"
            ]
        },
        {
            "tag":"day",
            "patterns":["tell me todays day ","which day is today","what day is it","which day is it","day"
            ],
            "responses":["day"
            ]
        }
    ]
}